[
{
  "model": "order.leatherserial",
  "pk": 1,
  "fields": {
    "name": "ALCANTARA",
    "deleted": false
  }
},
{
  "model": "order.leatherserial",
  "pk": 2,
  "fields": {
    "name": "RAIN",
    "deleted": false
  }
},
{
  "model": "order.leatherserial",
  "pk": 3,
  "fields": {
    "name": "METALIK",
    "deleted": false
  }
},
{
  "model": "order.leatherserial",
  "pk": 4,
  "fields": {
    "name": "MICRO SUET",
    "deleted": false
  }
},
{
  "model": "order.leatherserial",
  "pk": 5,
  "fields": {
    "name": "ANCONA 2",
    "deleted": false
  }
},
{
  "model": "order.leatherserial",
  "pk": 6,
  "fields": {
    "name": "ANCONA 1",
    "deleted": false
  }
},
{
  "model": "order.leatherserial",
  "pk": 7,
  "fields": {
    "name": "AMORE",
    "deleted": false
  }
},
{
  "model": "order.leatherserial",
  "pk": 8,
  "fields": {
    "name": "ROSE",
    "deleted": false
  }
},
{
  "model": "order.leather",
  "pk": 1,
  "fields": {
    "code": "302",
    "serial": 1,
    "image": "",
    "deleted": false
  }
},
{
  "model": "order.leather",
  "pk": 2,
  "fields": {
    "code": "2004",
    "serial": 1,
    "image": "",
    "deleted": false
  }
},
{
  "model": "order.leather",
  "pk": 3,
  "fields": {
    "code": "107",
    "serial": 1,
    "image": "",
    "deleted": false
  }
},
{
  "model": "order.leather",
  "pk": 4,
  "fields": {
    "code": "300",
    "serial": 1,
    "image": "",
    "deleted": false
  }
},
{
  "model": "order.leather",
  "pk": 5,
  "fields": {
    "code": "3300",
    "serial": 1,
    "image": "",
    "deleted": false
  }
},
{
  "model": "order.leather",
  "pk": 6,
  "fields": {
    "code": "139",
    "serial": 1,
    "image": "",
    "deleted": false
  }
},
{
  "model": "order.leather",
  "pk": 7,
  "fields": {
    "code": "138",
    "serial": 1,
    "image": "",
    "deleted": false
  }
},
{
  "model": "order.leather",
  "pk": 8,
  "fields": {
    "code": "3076",
    "serial": 1,
    "image": "",
    "deleted": false
  }
},
{
  "model": "order.leather",
  "pk": 9,
  "fields": {
    "code": "1332",
    "serial": 1,
    "image": "",
    "deleted": false
  }
},
{
  "model": "order.leather",
  "pk": 10,
  "fields": {
    "code": "928",
    "serial": 1,
    "image": "",
    "deleted": false
  }
},
{
  "model": "order.leather",
  "pk": 11,
  "fields": {
    "code": "858",
    "serial": 1,
    "image": "",
    "deleted": false
  }
},
{
  "model": "order.leather",
  "pk": 12,
  "fields": {
    "code": "829",
    "serial": 1,
    "image": "",
    "deleted": false
  }
},
{
  "model": "order.leather",
  "pk": 13,
  "fields": {
    "code": "11",
    "serial": 1,
    "image": "",
    "deleted": false
  }
},
{
  "model": "order.leather",
  "pk": 14,
  "fields": {
    "code": "560 A",
    "serial": 1,
    "image": "",
    "deleted": false
  }
},
{
  "model": "order.leather",
  "pk": 15,
  "fields": {
    "code": "377 A",
    "serial": 1,
    "image": "",
    "deleted": false
  }
},
{
  "model": "order.leather",
  "pk": 16,
  "fields": {
    "code": "431",
    "serial": 1,
    "image": "",
    "deleted": false
  }
},
{
  "model": "order.leather",
  "pk": 17,
  "fields": {
    "code": "299",
    "serial": 1,
    "image": "",
    "deleted": false
  }
},
{
  "model": "order.leather",
  "pk": 18,
  "fields": {
    "code": "301",
    "serial": 1,
    "image": "",
    "deleted": false
  }
},
{
  "model": "order.leather",
  "pk": 19,
  "fields": {
    "code": "42",
    "serial": 1,
    "image": "",
    "deleted": false
  }
},
{
  "model": "order.leather",
  "pk": 20,
  "fields": {
    "code": "970",
    "serial": 1,
    "image": "",
    "deleted": false
  }
},
{
  "model": "order.leather",
  "pk": 21,
  "fields": {
    "code": "324",
    "serial": 1,
    "image": "",
    "deleted": false
  }
},
{
  "model": "order.leather",
  "pk": 22,
  "fields": {
    "code": "837",
    "serial": 1,
    "image": "",
    "deleted": false
  }
},
{
  "model": "order.leather",
  "pk": 23,
  "fields": {
    "code": "1937",
    "serial": 1,
    "image": "",
    "deleted": false
  }
},
{
  "model": "order.leather",
  "pk": 24,
  "fields": {
    "code": "59",
    "serial": 1,
    "image": "",
    "deleted": false
  }
},
{
  "model": "order.leather",
  "pk": 25,
  "fields": {
    "code": "806",
    "serial": 1,
    "image": "",
    "deleted": false
  }
},
{
  "model": "order.leather",
  "pk": 26,
  "fields": {
    "code": "611-17",
    "serial": 2,
    "image": "",
    "deleted": false
  }
},
{
  "model": "order.leather",
  "pk": 27,
  "fields": {
    "code": "611-2",
    "serial": 2,
    "image": "",
    "deleted": false
  }
},
{
  "model": "order.leather",
  "pk": 28,
  "fields": {
    "code": "611-1",
    "serial": 2,
    "image": "",
    "deleted": false
  }
},
{
  "model": "order.leather",
  "pk": 29,
  "fields": {
    "code": "611-6",
    "serial": 2,
    "image": "",
    "deleted": false
  }
},
{
  "model": "order.leather",
  "pk": 30,
  "fields": {
    "code": "611-12",
    "serial": 2,
    "image": "",
    "deleted": false
  }
},
{
  "model": "order.leather",
  "pk": 31,
  "fields": {
    "code": "611-18",
    "serial": 2,
    "image": "",
    "deleted": false
  }
},
{
  "model": "order.leather",
  "pk": 32,
  "fields": {
    "code": "611-19",
    "serial": 2,
    "image": "",
    "deleted": false
  }
},
{
  "model": "order.leather",
  "pk": 33,
  "fields": {
    "code": "611-3",
    "serial": 2,
    "image": "",
    "deleted": false
  }
},
{
  "model": "order.leather",
  "pk": 34,
  "fields": {
    "code": "611-22",
    "serial": 2,
    "image": "",
    "deleted": false
  }
},
{
  "model": "order.leather",
  "pk": 35,
  "fields": {
    "code": "611-14",
    "serial": 2,
    "image": "",
    "deleted": false
  }
},
{
  "model": "order.leather",
  "pk": 36,
  "fields": {
    "code": "611-13",
    "serial": 2,
    "image": "",
    "deleted": false
  }
},
{
  "model": "order.leather",
  "pk": 37,
  "fields": {
    "code": "611-20",
    "serial": 2,
    "image": "",
    "deleted": false
  }
},
{
  "model": "order.leather",
  "pk": 38,
  "fields": {
    "code": "611-9",
    "serial": 2,
    "image": "",
    "deleted": false
  }
},
{
  "model": "order.leather",
  "pk": 39,
  "fields": {
    "code": "611-11",
    "serial": 2,
    "image": "",
    "deleted": false
  }
},
{
  "model": "order.leather",
  "pk": 40,
  "fields": {
    "code": "611-8",
    "serial": 2,
    "image": "",
    "deleted": false
  }
},
{
  "model": "order.leather",
  "pk": 41,
  "fields": {
    "code": "611-21",
    "serial": 2,
    "image": "",
    "deleted": false
  }
},
{
  "model": "order.leather",
  "pk": 42,
  "fields": {
    "code": "611-7",
    "serial": 2,
    "image": "",
    "deleted": false
  }
},
{
  "model": "order.leather",
  "pk": 43,
  "fields": {
    "code": "10 DARK GRAY",
    "serial": 3,
    "image": "",
    "deleted": false
  }
},
{
  "model": "order.leather",
  "pk": 44,
  "fields": {
    "code": "11 LILA",
    "serial": 3,
    "image": "",
    "deleted": false
  }
},
{
  "model": "order.leather",
  "pk": 45,
  "fields": {
    "code": "12 BLUE",
    "serial": 3,
    "image": "",
    "deleted": false
  }
},
{
  "model": "order.leather",
  "pk": 46,
  "fields": {
    "code": "14 VINE",
    "serial": 3,
    "image": "",
    "deleted": false
  }
},
{
  "model": "order.leather",
  "pk": 47,
  "fields": {
    "code": "8 GREEN",
    "serial": 3,
    "image": "",
    "deleted": false
  }
},
{
  "model": "order.leather",
  "pk": 48,
  "fields": {
    "code": "METALIK 2 BEYAZ",
    "serial": 3,
    "image": "",
    "deleted": false
  }
},
{
  "model": "order.leather",
  "pk": 49,
  "fields": {
    "code": "METALIK 2 BEJ",
    "serial": 3,
    "image": "",
    "deleted": false
  }
},
{
  "model": "order.leather",
  "pk": 50,
  "fields": {
    "code": "METALIK 2 COPPER",
    "serial": 3,
    "image": "",
    "deleted": false
  }
},
{
  "model": "order.leather",
  "pk": 51,
  "fields": {
    "code": "METALIK 2 COCO",
    "serial": 3,
    "image": "",
    "deleted": false
  }
},
{
  "model": "order.leather",
  "pk": 52,
  "fields": {
    "code": "METALIK 2 SAND",
    "serial": 3,
    "image": "",
    "deleted": false
  }
},
{
  "model": "order.leather",
  "pk": 53,
  "fields": {
    "code": "METALIK 2 BORDO",
    "serial": 3,
    "image": "",
    "deleted": false
  }
},
{
  "model": "order.leather",
  "pk": 54,
  "fields": {
    "code": "METALIK 2 NAVY",
    "serial": 3,
    "image": "",
    "deleted": false
  }
},
{
  "model": "order.leather",
  "pk": 55,
  "fields": {
    "code": "1 BEYAZ",
    "serial": 3,
    "image": "",
    "deleted": false
  }
},
{
  "model": "order.leather",
  "pk": 56,
  "fields": {
    "code": "2 BEJ",
    "serial": 3,
    "image": "",
    "deleted": false
  }
},
{
  "model": "order.leather",
  "pk": 57,
  "fields": {
    "code": "3 SAND",
    "serial": 3,
    "image": "",
    "deleted": false
  }
},
{
  "model": "order.leather",
  "pk": 58,
  "fields": {
    "code": "6 COPPER",
    "serial": 3,
    "image": "",
    "deleted": false
  }
},
{
  "model": "order.leather",
  "pk": 59,
  "fields": {
    "code": "6 CHOCOLATE",
    "serial": 3,
    "image": "",
    "deleted": false
  }
},
{
  "model": "order.leather",
  "pk": 60,
  "fields": {
    "code": "13 SIYAH",
    "serial": 3,
    "image": "",
    "deleted": false
  }
},
{
  "model": "order.leather",
  "pk": 61,
  "fields": {
    "code": "7 NAVY",
    "serial": 3,
    "image": "",
    "deleted": false
  }
},
{
  "model": "order.leather",
  "pk": 62,
  "fields": {
    "code": "9 BORDO",
    "serial": 3,
    "image": "",
    "deleted": false
  }
},
{
  "model": "order.leather",
  "pk": 63,
  "fields": {
    "code": "4 BRASS",
    "serial": 3,
    "image": "",
    "deleted": false
  }
},
{
  "model": "order.leather",
  "pk": 64,
  "fields": {
    "code": "15 PEWTER",
    "serial": 3,
    "image": "",
    "deleted": false
  }
},
{
  "model": "order.leather",
  "pk": 65,
  "fields": {
    "code": "GY11",
    "serial": 4,
    "image": "",
    "deleted": false
  }
},
{
  "model": "order.leather",
  "pk": 66,
  "fields": {
    "code": "GY12",
    "serial": 4,
    "image": "",
    "deleted": false
  }
},
{
  "model": "order.leather",
  "pk": 67,
  "fields": {
    "code": "GY13",
    "serial": 4,
    "image": "",
    "deleted": false
  }
},
{
  "model": "order.leather",
  "pk": 68,
  "fields": {
    "code": "GY14",
    "serial": 4,
    "image": "",
    "deleted": false
  }
},
{
  "model": "order.leather",
  "pk": 69,
  "fields": {
    "code": "GY15",
    "serial": 4,
    "image": "",
    "deleted": false
  }
},
{
  "model": "order.leather",
  "pk": 70,
  "fields": {
    "code": "GY16",
    "serial": 4,
    "image": "",
    "deleted": false
  }
},
{
  "model": "order.leather",
  "pk": 71,
  "fields": {
    "code": "GY17",
    "serial": 4,
    "image": "",
    "deleted": false
  }
},
{
  "model": "order.leather",
  "pk": 72,
  "fields": {
    "code": "GY18",
    "serial": 4,
    "image": "",
    "deleted": false
  }
},
{
  "model": "order.leather",
  "pk": 73,
  "fields": {
    "code": "GY19",
    "serial": 4,
    "image": "",
    "deleted": false
  }
},
{
  "model": "order.leather",
  "pk": 74,
  "fields": {
    "code": "GY20",
    "serial": 4,
    "image": "",
    "deleted": false
  }
},
{
  "model": "order.leather",
  "pk": 75,
  "fields": {
    "code": "GY21",
    "serial": 4,
    "image": "",
    "deleted": false
  }
},
{
  "model": "order.leather",
  "pk": 76,
  "fields": {
    "code": "GY22",
    "serial": 4,
    "image": "",
    "deleted": false
  }
},
{
  "model": "order.leather",
  "pk": 77,
  "fields": {
    "code": "GY23",
    "serial": 4,
    "image": "",
    "deleted": false
  }
},
{
  "model": "order.leather",
  "pk": 78,
  "fields": {
    "code": "GY24",
    "serial": 4,
    "image": "",
    "deleted": false
  }
},
{
  "model": "order.leather",
  "pk": 79,
  "fields": {
    "code": "GY01",
    "serial": 4,
    "image": "",
    "deleted": false
  }
},
{
  "model": "order.leather",
  "pk": 80,
  "fields": {
    "code": "GY02",
    "serial": 4,
    "image": "",
    "deleted": false
  }
},
{
  "model": "order.leather",
  "pk": 81,
  "fields": {
    "code": "GY03",
    "serial": 4,
    "image": "",
    "deleted": false
  }
},
{
  "model": "order.leather",
  "pk": 82,
  "fields": {
    "code": "GY04",
    "serial": 4,
    "image": "",
    "deleted": false
  }
},
{
  "model": "order.leather",
  "pk": 83,
  "fields": {
    "code": "GY05",
    "serial": 4,
    "image": "",
    "deleted": false
  }
},
{
  "model": "order.leather",
  "pk": 84,
  "fields": {
    "code": "GY06",
    "serial": 4,
    "image": "",
    "deleted": false
  }
},
{
  "model": "order.leather",
  "pk": 85,
  "fields": {
    "code": "GY07",
    "serial": 4,
    "image": "",
    "deleted": false
  }
},
{
  "model": "order.leather",
  "pk": 86,
  "fields": {
    "code": "GY08",
    "serial": 4,
    "image": "",
    "deleted": false
  }
},
{
  "model": "order.leather",
  "pk": 87,
  "fields": {
    "code": "GY09",
    "serial": 4,
    "image": "",
    "deleted": false
  }
},
{
  "model": "order.leather",
  "pk": 88,
  "fields": {
    "code": "GY10",
    "serial": 4,
    "image": "",
    "deleted": false
  }
},
{
  "model": "order.leather",
  "pk": 89,
  "fields": {
    "code": "1",
    "serial": 7,
    "image": "",
    "deleted": false
  }
},
{
  "model": "order.leather",
  "pk": 90,
  "fields": {
    "code": "2",
    "serial": 7,
    "image": "",
    "deleted": false
  }
},
{
  "model": "order.leather",
  "pk": 91,
  "fields": {
    "code": "3",
    "serial": 7,
    "image": "",
    "deleted": false
  }
},
{
  "model": "order.leather",
  "pk": 92,
  "fields": {
    "code": "4",
    "serial": 7,
    "image": "",
    "deleted": false
  }
},
{
  "model": "order.leather",
  "pk": 93,
  "fields": {
    "code": "5",
    "serial": 7,
    "image": "",
    "deleted": false
  }
},
{
  "model": "order.leather",
  "pk": 94,
  "fields": {
    "code": "6",
    "serial": 7,
    "image": "",
    "deleted": false
  }
},
{
  "model": "order.leather",
  "pk": 95,
  "fields": {
    "code": "7",
    "serial": 7,
    "image": "",
    "deleted": false
  }
},
{
  "model": "order.leather",
  "pk": 96,
  "fields": {
    "code": "8",
    "serial": 7,
    "image": "",
    "deleted": false
  }
},
{
  "model": "order.leather",
  "pk": 97,
  "fields": {
    "code": "9",
    "serial": 7,
    "image": "",
    "deleted": false
  }
},
{
  "model": "order.leather",
  "pk": 98,
  "fields": {
    "code": "10",
    "serial": 7,
    "image": "",
    "deleted": false
  }
},
{
  "model": "order.leather",
  "pk": 99,
  "fields": {
    "code": "11",
    "serial": 7,
    "image": "",
    "deleted": false
  }
},
{
  "model": "order.leather",
  "pk": 100,
  "fields": {
    "code": "12",
    "serial": 7,
    "image": "",
    "deleted": false
  }
},
{
  "model": "order.leather",
  "pk": 101,
  "fields": {
    "code": "607-2",
    "serial": 8,
    "image": "",
    "deleted": false
  }
},
{
  "model": "order.leather",
  "pk": 102,
  "fields": {
    "code": "607-3",
    "serial": 8,
    "image": "",
    "deleted": false
  }
},
{
  "model": "order.leather",
  "pk": 103,
  "fields": {
    "code": "607-4",
    "serial": 8,
    "image": "",
    "deleted": false
  }
},
{
  "model": "order.leather",
  "pk": 104,
  "fields": {
    "code": "607-5",
    "serial": 8,
    "image": "",
    "deleted": false
  }
},
{
  "model": "order.leather",
  "pk": 105,
  "fields": {
    "code": "607-6",
    "serial": 8,
    "image": "",
    "deleted": false
  }
},
{
  "model": "order.leather",
  "pk": 106,
  "fields": {
    "code": "607-7",
    "serial": 8,
    "image": "",
    "deleted": false
  }
},
{
  "model": "order.leather",
  "pk": 107,
  "fields": {
    "code": "607-8",
    "serial": 8,
    "image": "",
    "deleted": false
  }
},
{
  "model": "order.leather",
  "pk": 108,
  "fields": {
    "code": "607-9",
    "serial": 8,
    "image": "",
    "deleted": false
  }
},
{
  "model": "order.leather",
  "pk": 109,
  "fields": {
    "code": "607-12",
    "serial": 8,
    "image": "",
    "deleted": false
  }
},
{
  "model": "order.leather",
  "pk": 110,
  "fields": {
    "code": "607-13",
    "serial": 8,
    "image": "",
    "deleted": false
  }
},
{
  "model": "order.leather",
  "pk": 111,
  "fields": {
    "code": "607-14",
    "serial": 8,
    "image": "",
    "deleted": false
  }
},
{
  "model": "order.leather",
  "pk": 112,
  "fields": {
    "code": "607-16",
    "serial": 8,
    "image": "",
    "deleted": false
  }
},
{
  "model": "order.leather",
  "pk": 113,
  "fields": {
    "code": "607-17",
    "serial": 8,
    "image": "",
    "deleted": false
  }
},
{
  "model": "order.leather",
  "pk": 114,
  "fields": {
    "code": "2 Copper",
    "serial": 6,
    "image": "",
    "deleted": false
  }
},
{
  "model": "order.leather",
  "pk": 115,
  "fields": {
    "code": "4 Gun Metal",
    "serial": 6,
    "image": "",
    "deleted": false
  }
},
{
  "model": "order.leather",
  "pk": 116,
  "fields": {
    "code": "9 Spectrum Blue",
    "serial": 6,
    "image": "",
    "deleted": false
  }
},
{
  "model": "order.leather",
  "pk": 117,
  "fields": {
    "code": "10 Violet",
    "serial": 6,
    "image": "",
    "deleted": false
  }
},
{
  "model": "order.leather",
  "pk": 118,
  "fields": {
    "code": "11 Metalic",
    "serial": 6,
    "image": "",
    "deleted": false
  }
},
{
  "model": "order.leather",
  "pk": 119,
  "fields": {
    "code": "14 Black",
    "serial": 6,
    "image": "",
    "deleted": false
  }
},
{
  "model": "order.leather",
  "pk": 120,
  "fields": {
    "code": "15 Coffee",
    "serial": 6,
    "image": "",
    "deleted": false
  }
},
{
  "model": "order.leather",
  "pk": 121,
  "fields": {
    "code": "18 Vine",
    "serial": 6,
    "image": "",
    "deleted": false
  }
},
{
  "model": "order.leather",
  "pk": 122,
  "fields": {
    "code": "19 White",
    "serial": 6,
    "image": "",
    "deleted": false
  }
},
{
  "model": "order.leather",
  "pk": 123,
  "fields": {
    "code": "20 Stone",
    "serial": 6,
    "image": "",
    "deleted": false
  }
},
{
  "model": "order.leather",
  "pk": 124,
  "fields": {
    "code": "22 Red",
    "serial": 6,
    "image": "",
    "deleted": false
  }
},
{
  "model": "order.leather",
  "pk": 125,
  "fields": {
    "code": "23 Blue",
    "serial": 6,
    "image": "",
    "deleted": false
  }
},
{
  "model": "order.leather",
  "pk": 126,
  "fields": {
    "code": "24 Green",
    "serial": 6,
    "image": "",
    "deleted": false
  }
},
{
  "model": "order.leather",
  "pk": 127,
  "fields": {
    "code": "610-4",
    "serial": 5,
    "image": "",
    "deleted": false
  }
},
{
  "model": "order.leather",
  "pk": 128,
  "fields": {
    "code": "610-7",
    "serial": 5,
    "image": "",
    "deleted": false
  }
},
{
  "model": "order.leather",
  "pk": 129,
  "fields": {
    "code": "610-8",
    "serial": 5,
    "image": "",
    "deleted": false
  }
},
{
  "model": "order.leather",
  "pk": 130,
  "fields": {
    "code": "610-9",
    "serial": 5,
    "image": "",
    "deleted": false
  }
},
{
  "model": "order.leather",
  "pk": 131,
  "fields": {
    "code": "610-10",
    "serial": 5,
    "image": "",
    "deleted": false
  }
},
{
  "model": "order.leather",
  "pk": 132,
  "fields": {
    "code": "610-11",
    "serial": 5,
    "image": "",
    "deleted": false
  }
},
{
  "model": "order.leather",
  "pk": 133,
  "fields": {
    "code": "610-13",
    "serial": 5,
    "image": "",
    "deleted": false
  }
},
{
  "model": "order.leather",
  "pk": 134,
  "fields": {
    "code": "610-14",
    "serial": 5,
    "image": "",
    "deleted": false
  }
},
{
  "model": "order.leather",
  "pk": 135,
  "fields": {
    "code": "610-15",
    "serial": 5,
    "image": "",
    "deleted": false
  }
},
{
  "model": "order.leather",
  "pk": 136,
  "fields": {
    "code": "610-16",
    "serial": 5,
    "image": "",
    "deleted": false
  }
},
{
  "model": "order.leather",
  "pk": 137,
  "fields": {
    "code": "610-17",
    "serial": 5,
    "image": "",
    "deleted": false
  }
},
{
  "model": "order.leather",
  "pk": 138,
  "fields": {
    "code": "610-18",
    "serial": 5,
    "image": "",
    "deleted": false
  }
},
{
  "model": "order.leather",
  "pk": 139,
  "fields": {
    "code": "610-19",
    "serial": 5,
    "image": "",
    "deleted": false
  }
},
{
  "model": "order.productcategory",
  "pk": 1,
  "fields": {
    "name": "Tabla",
    "deleted": false
  }
},
{
  "model": "order.productcategory",
  "pk": 2,
  "fields": {
    "name": "Kutu",
    "deleted": false
  }
},
{
  "model": "order.productcategory",
  "pk": 3,
  "fields": {
    "name": "Premium Tabla",
    "deleted": false
  }
},
{
  "model": "order.productcategory",
  "pk": 4,
  "fields": {
    "name": "Servis Tablasi",
    "deleted": false
  }
},
{
  "model": "order.productcategory",
  "pk": 5,
  "fields": {
    "name": "Aksesor",
    "deleted": false
  }
},
{
  "model": "order.productcategory",
  "pk": 6,
  "fields": {
    "name": "Kapakli Kutu",
    "deleted": false
  }
},
{
  "model": "order.productcategory",
  "pk": 7,
  "fields": {
    "name": "SET",
    "deleted": false
  }
},
{
  "model": "order.product",
  "pk": 1,
  "fields": {
    "code": "TB0116",
    "title": "",
    "description": "",
    "image": "products/TB01_16.jpg",
    "category": 1,
    "inner_leather": 89,
    "outer_leather": 43,
    "price": "25.00",
    "height": "3.00",
    "width": "25.00",
    "length": "30.00",
    "deleted": false
  }
},
{
  "model": "order.product",
  "pk": 2,
  "fields": {
    "code": "TB0218",
    "title": "",
    "description": "",
    "image": "products/TB02_18.jpg",
    "category": 1,
    "inner_leather": 55,
    "outer_leather": 119,
    "price": "30.00",
    "height": null,
    "width": null,
    "length": null,
    "deleted": false
  }
},
{
  "model": "order.product",
  "pk": 3,
  "fields": {
    "code": "TB0324",
    "title": "",
    "description": "",
    "image": "products/TB03_24.jpg",
    "category": 1,
    "inner_leather": 117,
    "outer_leather": 120,
    "price": "30.00",
    "height": null,
    "width": null,
    "length": null,
    "deleted": false
  }
}
]
